Index,Name,Chromosome,Position,GenTrain Score,SNP,ILMN Strand,Customer Strand,NormID
0,mock_snp_000,1,10000,0.000000,[A/C],TOP,TOP,1
1,mock_snp_001,1,10001,0.000000,[A/G],TOP,TOP,1
2,mock_snp_002,1,10002,0.000000,[A/T],TOP,TOP,1
3,mock_snp_003,1,10003,0.000000,[C/G],TOP,TOP,1
4,mock_snp_004,1,10004,0.000000,[A/C],TOP,TOP,1
5,mock_snp_005,1,10005,0.000000,[A/G],TOP,TOP,1
6,mock_snp_006,1,10006,0.000000,[A/T],TOP,TOP,1
7,mock_snp_007,1,10007,0.000000,[C/G],TOP,TOP,1
8,mock_snp_008,1,10008,0.000000,[A/C],TOP,TOP,1
9,mock_snp_009,1,10009,0.000000,[A/G],TOP,TOP,1
10,mock_snp_010,1,10010,0.000000,[A/T],TOP,TOP,1
11,mock_snp_011,1,10011,0.000000,[C/G],TOP,TOP,1
12,mock_snp_012,1,10012,0.000000,[A/C],TOP,TOP,1
13,mock_snp_013,1,10013,0.000000,[A/G],TOP,TOP,1
14,mock_snp_014,1,10014,0.000000,[A/T],TOP,TOP,1
15,mock_snp_015,1,10015,0.000000,[C/G],TOP,TOP,1
16,mock_snp_016,1,10016,0.000000,[A/C],TOP,TOP,1
17,mock_snp_017,1,10017,0.000000,[A/G],TOP,TOP,1
18,mock_snp_018,1,10018,0.000000,[A/T],TOP,TOP,1
19,mock_snp_019,1,10019,0.000000,[C/G],TOP,TOP,1
20,mock_snp_020,1,10020,0.000000,[A/C],TOP,TOP,1
21,mock_snp_021,1,10021,0.000000,[A/G],TOP,TOP,1
22,mock_snp_022,1,10022,0.000000,[A/T],TOP,TOP,1
23,mock_snp_023,1,10023,0.000000,[C/G],TOP,TOP,1
24,mock_snp_024,1,10024,0.000000,[A/C],TOP,TOP,1
25,mock_snp_025,1,10025,0.000000,[A/G],TOP,TOP,1
26,mock_snp_026,1,10026,0.000000,[A/T],TOP,TOP,1
27,mock_snp_027,1,10027,0.000000,[C/G],TOP,TOP,1
28,mock_snp_028,1,10028,0.000000,[A/C],TOP,TOP,1
29,mock_snp_029,1,10029,0.000000,[A/G],TOP,TOP,1
30,mock_snp_030,1,10030,0.000000,[A/T],TOP,TOP,1
31,mock_snp_031,1,10031,0.000000,[C/G],TOP,TOP,1
32,mock_snp_032,1,10032,0.000000,[A/C],TOP,TOP,1
33,mock_snp_033,1,10033,0.000000,[A/G],TOP,TOP,1
34,mock_snp_034,1,10034,0.000000,[A/T],TOP,TOP,1
35,mock_snp_035,1,10035,0.000000,[C/G],TOP,TOP,1
36,mock_snp_036,1,10036,0.000000,[A/C],TOP,TOP,1
37,mock_snp_037,1,10037,0.000000,[A/G],TOP,TOP,1
38,mock_snp_038,1,10038,0.000000,[A/T],TOP,TOP,1
39,mock_snp_039,1,10039,0.000000,[C/G],TOP,TOP,1
40,mock_snp_040,1,10040,0.000000,[A/C],TOP,TOP,1
41,mock_snp_041,1,10041,0.000000,[A/G],TOP,TOP,1
42,mock_snp_042,1,10042,0.000000,[A/T],TOP,TOP,1
43,mock_snp_043,1,10043,0.000000,[C/G],TOP,TOP,1
44,mock_snp_044,1,10044,0.000000,[A/C],TOP,TOP,1
45,mock_snp_045,1,10045,0.000000,[A/G],TOP,TOP,1
46,mock_snp_046,1,10046,0.000000,[A/T],TOP,TOP,1
47,mock_snp_047,1,10047,0.000000,[C/G],TOP,TOP,1
48,mock_snp_048,1,10048,0.000000,[A/C],TOP,TOP,1
49,mock_snp_049,1,10049,0.000000,[A/G],TOP,TOP,1
50,mock_snp_050,1,10050,0.000000,[A/T],TOP,TOP,1
51,mock_snp_051,1,10051,0.000000,[C/G],TOP,TOP,1
52,mock_snp_052,1,10052,0.000000,[A/C],TOP,TOP,1
53,mock_snp_053,1,10053,0.000000,[A/G],TOP,TOP,1
54,mock_snp_054,1,10054,0.000000,[A/T],TOP,TOP,1
55,mock_snp_055,1,10055,0.000000,[C/G],TOP,TOP,1
56,mock_snp_056,1,10056,0.000000,[A/C],TOP,TOP,1
57,mock_snp_057,1,10057,0.000000,[A/G],TOP,TOP,1
58,mock_snp_058,1,10058,0.000000,[A/T],TOP,TOP,1
59,mock_snp_059,1,10059,0.000000,[C/G],TOP,TOP,1
60,mock_snp_060,1,10060,0.000000,[A/C],TOP,TOP,1
61,mock_snp_061,1,10061,0.000000,[A/G],TOP,TOP,1
62,mock_snp_062,1,10062,0.000000,[A/T],TOP,TOP,1
63,mock_snp_063,1,10063,0.000000,[C/G],TOP,TOP,1
64,mock_snp_064,1,10064,0.000000,[A/C],TOP,TOP,1
65,mock_snp_065,1,10065,0.000000,[A/G],TOP,TOP,1
66,mock_snp_066,1,10066,0.000000,[A/T],TOP,TOP,1
67,mock_snp_067,1,10067,0.000000,[C/G],TOP,TOP,1
68,mock_snp_068,1,10068,0.000000,[A/C],TOP,TOP,1
69,mock_snp_069,1,10069,0.000000,[A/G],TOP,TOP,1
70,mock_snp_070,1,10070,0.000000,[A/T],TOP,TOP,1
71,mock_snp_071,1,10071,0.000000,[C/G],TOP,TOP,1
72,mock_snp_072,1,10072,0.000000,[A/C],TOP,TOP,1
73,mock_snp_073,1,10073,0.000000,[A/G],TOP,TOP,1
74,mock_snp_074,1,10074,0.000000,[A/T],TOP,TOP,1
75,mock_snp_075,1,10075,0.000000,[C/G],TOP,TOP,1
76,mock_snp_076,1,10076,0.000000,[A/C],TOP,TOP,1
77,mock_snp_077,1,10077,0.000000,[A/G],TOP,TOP,1
78,mock_snp_078,1,10078,0.000000,[A/T],TOP,TOP,1
79,mock_snp_079,1,10079,0.000000,[C/G],TOP,TOP,1
80,mock_snp_080,1,10080,0.000000,[A/C],TOP,TOP,1
81,mock_snp_081,1,10081,0.000000,[A/G],TOP,TOP,1
82,mock_snp_082,1,10082,0.000000,[A/T],TOP,TOP,1
83,mock_snp_083,1,10083,0.000000,[C/G],TOP,TOP,1
84,mock_snp_084,1,10084,0.000000,[A/C],TOP,TOP,1
85,mock_snp_085,1,10085,0.000000,[A/G],TOP,TOP,1
86,mock_snp_086,1,10086,0.000000,[A/T],TOP,TOP,1
87,mock_snp_087,1,10087,0.000000,[C/G],TOP,TOP,1
88,mock_snp_088,1,10088,0.000000,[A/C],TOP,TOP,1
89,mock_snp_089,1,10089,0.000000,[A/G],TOP,TOP,1
90,mock_snp_090,1,10090,0.000000,[A/T],TOP,TOP,1
91,mock_snp_091,1,10091,0.000000,[C/G],TOP,TOP,1
92,mock_snp_092,1,10092,0.000000,[A/C],TOP,TOP,1
93,mock_snp_093,1,10093,0.000000,[A/G],TOP,TOP,1
94,mock_snp_094,1,10094,0.000000,[A/T],TOP,TOP,1
95,mock_snp_095,1,10095,0.000000,[C/G],TOP,TOP,1
96,mock_snp_096,1,10096,0.000000,[A/C],TOP,TOP,1
97,mock_snp_097,1,10097,0.000000,[A/G],TOP,TOP,1
98,mock_snp_098,1,10098,0.000000,[A/T],TOP,TOP,1
99,mock_snp_099,1,10099,0.000000,[C/G],TOP,TOP,1
100,mock_snp_100,1,10100,0.000000,[A/C],TOP,TOP,1
101,mock_snp_101,1,10101,0.000000,[A/G],TOP,TOP,1
102,mock_snp_102,1,10102,0.000000,[A/T],TOP,TOP,1
103,mock_snp_103,1,10103,0.000000,[C/G],TOP,TOP,1
104,mock_snp_104,1,10104,0.000000,[A/C],TOP,TOP,1
105,mock_snp_105,1,10105,0.000000,[A/G],TOP,TOP,1
106,mock_snp_106,1,10106,0.000000,[A/T],TOP,TOP,1
107,mock_snp_107,1,10107,0.000000,[C/G],TOP,TOP,1
108,mock_snp_108,1,10108,0.000000,[A/C],TOP,TOP,1
109,mock_snp_109,1,10109,0.000000,[A/G],TOP,TOP,1
110,mock_snp_110,1,10110,0.000000,[A/T],TOP,TOP,1
111,mock_snp_111,1,10111,0.000000,[C/G],TOP,TOP,1
112,mock_snp_112,1,10112,0.000000,[A/C],TOP,TOP,1
113,mock_snp_113,1,10113,0.000000,[A/G],TOP,TOP,1
114,mock_snp_114,1,10114,0.000000,[A/T],TOP,TOP,1
115,mock_snp_115,1,10115,0.000000,[C/G],TOP,TOP,1
116,mock_snp_116,1,10116,0.000000,[A/C],TOP,TOP,1
117,mock_snp_117,1,10117,0.000000,[A/G],TOP,TOP,1
118,mock_snp_118,1,10118,0.000000,[A/T],TOP,TOP,1
119,mock_snp_119,1,10119,0.000000,[C/G],TOP,TOP,1
120,mock_snp_120,1,10120,0.000000,[A/C],TOP,TOP,1
121,mock_snp_121,1,10121,0.000000,[A/G],TOP,TOP,1
122,mock_snp_122,1,10122,0.000000,[A/T],TOP,TOP,1
123,mock_snp_123,1,10123,0.000000,[C/G],TOP,TOP,1
124,mock_snp_124,1,10124,0.000000,[A/C],TOP,TOP,1
125,mock_snp_125,2,10125,0.000000,[A/C],TOP,TOP,1
126,mock_snp_126,2,10126,0.000000,[A/G],TOP,TOP,1
127,mock_snp_127,2,10127,0.000000,[A/T],TOP,TOP,1
128,mock_snp_128,2,10128,0.000000,[C/G],TOP,TOP,1
129,mock_snp_129,2,10129,0.000000,[A/C],TOP,TOP,1
130,mock_snp_130,2,10130,0.000000,[A/G],TOP,TOP,1
131,mock_snp_131,2,10131,0.000000,[A/T],TOP,TOP,1
132,mock_snp_132,2,10132,0.000000,[C/G],TOP,TOP,1
133,mock_snp_133,2,10133,0.000000,[A/C],TOP,TOP,1
134,mock_snp_134,2,10134,0.000000,[A/G],TOP,TOP,1
135,mock_snp_135,2,10135,0.000000,[A/T],TOP,TOP,1
136,mock_snp_136,2,10136,0.000000,[C/G],TOP,TOP,1
137,mock_snp_137,2,10137,0.000000,[A/C],TOP,TOP,1
138,mock_snp_138,2,10138,0.000000,[A/G],TOP,TOP,1
139,mock_snp_139,2,10139,0.000000,[A/T],TOP,TOP,1
140,mock_snp_140,2,10140,0.000000,[C/G],TOP,TOP,1
141,mock_snp_141,2,10141,0.000000,[A/C],TOP,TOP,1
142,mock_snp_142,2,10142,0.000000,[A/G],TOP,TOP,1
143,mock_snp_143,2,10143,0.000000,[A/T],TOP,TOP,1
144,mock_snp_144,2,10144,0.000000,[C/G],TOP,TOP,1
145,mock_snp_145,2,10145,0.000000,[A/C],TOP,TOP,1
146,mock_snp_146,2,10146,0.000000,[A/G],TOP,TOP,1
147,mock_snp_147,2,10147,0.000000,[A/T],TOP,TOP,1
148,mock_snp_148,2,10148,0.000000,[C/G],TOP,TOP,1
149,mock_snp_149,2,10149,0.000000,[A/C],TOP,TOP,1
150,mock_snp_150,2,10150,0.000000,[A/G],TOP,TOP,1
151,mock_snp_151,2,10151,0.000000,[A/T],TOP,TOP,1
152,mock_snp_152,2,10152,0.000000,[C/G],TOP,TOP,1
153,mock_snp_153,2,10153,0.000000,[A/C],TOP,TOP,1
154,mock_snp_154,2,10154,0.000000,[A/G],TOP,TOP,1
155,mock_snp_155,2,10155,0.000000,[A/T],TOP,TOP,1
156,mock_snp_156,2,10156,0.000000,[C/G],TOP,TOP,1
157,mock_snp_157,2,10157,0.000000,[A/C],TOP,TOP,1
158,mock_snp_158,2,10158,0.000000,[A/G],TOP,TOP,1
159,mock_snp_159,2,10159,0.000000,[A/T],TOP,TOP,1
160,mock_snp_160,2,10160,0.000000,[C/G],TOP,TOP,1
161,mock_snp_161,2,10161,0.000000,[A/C],TOP,TOP,1
162,mock_snp_162,2,10162,0.000000,[A/G],TOP,TOP,1
163,mock_snp_163,2,10163,0.000000,[A/T],TOP,TOP,1
164,mock_snp_164,2,10164,0.000000,[C/G],TOP,TOP,1
165,mock_snp_165,2,10165,0.000000,[A/C],TOP,TOP,1
166,mock_snp_166,2,10166,0.000000,[A/G],TOP,TOP,1
167,mock_snp_167,2,10167,0.000000,[A/T],TOP,TOP,1
168,mock_snp_168,2,10168,0.000000,[C/G],TOP,TOP,1
169,mock_snp_169,2,10169,0.000000,[A/C],TOP,TOP,1
170,mock_snp_170,2,10170,0.000000,[A/G],TOP,TOP,1
171,mock_snp_171,2,10171,0.000000,[A/T],TOP,TOP,1
172,mock_snp_172,2,10172,0.000000,[C/G],TOP,TOP,1
173,mock_snp_173,2,10173,0.000000,[A/C],TOP,TOP,1
174,mock_snp_174,2,10174,0.000000,[A/G],TOP,TOP,1
175,mock_snp_175,2,10175,0.000000,[A/T],TOP,TOP,1
176,mock_snp_176,2,10176,0.000000,[C/G],TOP,TOP,1
177,mock_snp_177,2,10177,0.000000,[A/C],TOP,TOP,1
178,mock_snp_178,2,10178,0.000000,[A/G],TOP,TOP,1
179,mock_snp_179,2,10179,0.000000,[A/T],TOP,TOP,1
180,mock_snp_180,2,10180,0.000000,[C/G],TOP,TOP,1
181,mock_snp_181,2,10181,0.000000,[A/C],TOP,TOP,1
182,mock_snp_182,2,10182,0.000000,[A/G],TOP,TOP,1
183,mock_snp_183,2,10183,0.000000,[A/T],TOP,TOP,1
184,mock_snp_184,2,10184,0.000000,[C/G],TOP,TOP,1
185,mock_snp_185,2,10185,0.000000,[A/C],TOP,TOP,1
186,mock_snp_186,2,10186,0.000000,[A/G],TOP,TOP,1
187,mock_snp_187,2,10187,0.000000,[A/T],TOP,TOP,1
188,mock_snp_188,2,10188,0.000000,[C/G],TOP,TOP,1
189,mock_snp_189,2,10189,0.000000,[A/C],TOP,TOP,1
190,mock_snp_190,2,10190,0.000000,[A/G],TOP,TOP,1
191,mock_snp_191,2,10191,0.000000,[A/T],TOP,TOP,1
192,mock_snp_192,2,10192,0.000000,[C/G],TOP,TOP,1
193,mock_snp_193,2,10193,0.000000,[A/C],TOP,TOP,1
194,mock_snp_194,2,10194,0.000000,[A/G],TOP,TOP,1
195,mock_snp_195,2,10195,0.000000,[A/T],TOP,TOP,1
196,mock_snp_196,2,10196,0.000000,[C/G],TOP,TOP,1
197,mock_snp_197,2,10197,0.000000,[A/C],TOP,TOP,1
198,mock_snp_198,2,10198,0.000000,[A/G],TOP,TOP,1
199,mock_snp_199,2,10199,0.000000,[A/T],TOP,TOP,1
200,mock_snp_200,2,10200,0.000000,[C/G],TOP,TOP,1
201,mock_snp_201,2,10201,0.000000,[A/C],TOP,TOP,1
202,mock_snp_202,2,10202,0.000000,[A/G],TOP,TOP,1
203,mock_snp_203,2,10203,0.000000,[A/T],TOP,TOP,1
204,mock_snp_204,2,10204,0.000000,[C/G],TOP,TOP,1
205,mock_snp_205,2,10205,0.000000,[A/C],TOP,TOP,1
206,mock_snp_206,2,10206,0.000000,[A/G],TOP,TOP,1
207,mock_snp_207,2,10207,0.000000,[A/T],TOP,TOP,1
208,mock_snp_208,2,10208,0.000000,[C/G],TOP,TOP,1
209,mock_snp_209,2,10209,0.000000,[A/C],TOP,TOP,1
210,mock_snp_210,2,10210,0.000000,[A/G],TOP,TOP,1
211,mock_snp_211,2,10211,0.000000,[A/T],TOP,TOP,1
212,mock_snp_212,2,10212,0.000000,[C/G],TOP,TOP,1
213,mock_snp_213,2,10213,0.000000,[A/C],TOP,TOP,1
214,mock_snp_214,2,10214,0.000000,[A/G],TOP,TOP,1
215,mock_snp_215,2,10215,0.000000,[A/T],TOP,TOP,1
216,mock_snp_216,2,10216,0.000000,[C/G],TOP,TOP,1
217,mock_snp_217,2,10217,0.000000,[A/C],TOP,TOP,1
218,mock_snp_218,2,10218,0.000000,[A/G],TOP,TOP,1
219,mock_snp_219,2,10219,0.000000,[A/T],TOP,TOP,1
220,mock_snp_220,2,10220,0.000000,[C/G],TOP,TOP,1
221,mock_snp_221,2,10221,0.000000,[A/C],TOP,TOP,1
222,mock_snp_222,2,10222,0.000000,[A/G],TOP,TOP,1
223,mock_snp_223,2,10223,0.000000,[A/T],TOP,TOP,1
224,mock_snp_224,2,10224,0.000000,[C/G],TOP,TOP,1
225,mock_snp_225,2,10225,0.000000,[A/C],TOP,TOP,1
226,mock_snp_226,2,10226,0.000000,[A/G],TOP,TOP,1
227,mock_snp_227,2,10227,0.000000,[A/T],TOP,TOP,1
228,mock_snp_228,2,10228,0.000000,[C/G],TOP,TOP,1
229,mock_snp_229,2,10229,0.000000,[A/C],TOP,TOP,1
230,mock_snp_230,2,10230,0.000000,[A/G],TOP,TOP,1
231,mock_snp_231,2,10231,0.000000,[A/T],TOP,TOP,1
232,mock_snp_232,2,10232,0.000000,[C/G],TOP,TOP,1
233,mock_snp_233,2,10233,0.000000,[A/C],TOP,TOP,1
234,mock_snp_234,2,10234,0.000000,[A/G],TOP,TOP,1
235,mock_snp_235,2,10235,0.000000,[A/T],TOP,TOP,1
236,mock_snp_236,2,10236,0.000000,[C/G],TOP,TOP,1
237,mock_snp_237,2,10237,0.000000,[A/C],TOP,TOP,1
238,mock_snp_238,2,10238,0.000000,[A/G],TOP,TOP,1
239,mock_snp_239,2,10239,0.000000,[A/T],TOP,TOP,1
240,mock_snp_240,2,10240,0.000000,[C/G],TOP,TOP,1
241,mock_snp_241,2,10241,0.000000,[A/C],TOP,TOP,1
242,mock_snp_242,2,10242,0.000000,[A/G],TOP,TOP,1
243,mock_snp_243,2,10243,0.000000,[A/T],TOP,TOP,1
244,mock_snp_244,2,10244,0.000000,[C/G],TOP,TOP,1
245,mock_snp_245,2,10245,0.000000,[A/C],TOP,TOP,1
246,mock_snp_246,2,10246,0.000000,[A/G],TOP,TOP,1
247,mock_snp_247,2,10247,0.000000,[A/T],TOP,TOP,1
248,mock_snp_248,2,10248,0.000000,[C/G],TOP,TOP,1
249,mock_snp_249,2,10249,0.000000,[A/C],TOP,TOP,1
250,mock_snp_250,1,10250,0.000000,[A/C],TOP,BOT,1
251,mock_snp_251,1,10251,0.000000,[A/G],TOP,BOT,1
252,mock_snp_252,1,10252,0.000000,[A/T],TOP,BOT,1
253,mock_snp_253,1,10253,0.000000,[C/G],TOP,BOT,1
254,mock_snp_254,1,10254,0.000000,[A/C],TOP,BOT,1
255,mock_snp_255,1,10255,0.000000,[A/G],TOP,BOT,1
256,mock_snp_256,1,10256,0.000000,[A/T],TOP,BOT,1
257,mock_snp_257,1,10257,0.000000,[C/G],TOP,BOT,1
258,mock_snp_258,1,10258,0.000000,[A/C],TOP,BOT,1
259,mock_snp_259,1,10259,0.000000,[A/G],TOP,BOT,1
260,mock_snp_260,1,10260,0.000000,[A/T],TOP,BOT,1
261,mock_snp_261,1,10261,0.000000,[C/G],TOP,BOT,1
262,mock_snp_262,1,10262,0.000000,[A/C],TOP,BOT,1
263,mock_snp_263,1,10263,0.000000,[A/G],TOP,BOT,1
264,mock_snp_264,1,10264,0.000000,[A/T],TOP,BOT,1
265,mock_snp_265,1,10265,0.000000,[C/G],TOP,BOT,1
266,mock_snp_266,1,10266,0.000000,[A/C],TOP,BOT,1
267,mock_snp_267,1,10267,0.000000,[A/G],TOP,BOT,1
268,mock_snp_268,1,10268,0.000000,[A/T],TOP,BOT,1
269,mock_snp_269,1,10269,0.000000,[C/G],TOP,BOT,1
270,mock_snp_270,1,10270,0.000000,[A/C],TOP,BOT,1
271,mock_snp_271,1,10271,0.000000,[A/G],TOP,BOT,1
272,mock_snp_272,1,10272,0.000000,[A/T],TOP,BOT,1
273,mock_snp_273,1,10273,0.000000,[C/G],TOP,BOT,1
274,mock_snp_274,1,10274,0.000000,[A/C],TOP,BOT,1
275,mock_snp_275,1,10275,0.000000,[A/G],TOP,BOT,1
276,mock_snp_276,1,10276,0.000000,[A/T],TOP,BOT,1
277,mock_snp_277,1,10277,0.000000,[C/G],TOP,BOT,1
278,mock_snp_278,1,10278,0.000000,[A/C],TOP,BOT,1
279,mock_snp_279,1,10279,0.000000,[A/G],TOP,BOT,1
280,mock_snp_280,1,10280,0.000000,[A/T],TOP,BOT,1
281,mock_snp_281,1,10281,0.000000,[C/G],TOP,BOT,1
282,mock_snp_282,1,10282,0.000000,[A/C],TOP,BOT,1
283,mock_snp_283,1,10283,0.000000,[A/G],TOP,BOT,1
284,mock_snp_284,1,10284,0.000000,[A/T],TOP,BOT,1
285,mock_snp_285,1,10285,0.000000,[C/G],TOP,BOT,1
286,mock_snp_286,1,10286,0.000000,[A/C],TOP,BOT,1
287,mock_snp_287,1,10287,0.000000,[A/G],TOP,BOT,1
288,mock_snp_288,1,10288,0.000000,[A/T],TOP,BOT,1
289,mock_snp_289,1,10289,0.000000,[C/G],TOP,BOT,1
290,mock_snp_290,1,10290,0.000000,[A/C],TOP,BOT,1
291,mock_snp_291,1,10291,0.000000,[A/G],TOP,BOT,1
292,mock_snp_292,1,10292,0.000000,[A/T],TOP,BOT,1
293,mock_snp_293,1,10293,0.000000,[C/G],TOP,BOT,1
294,mock_snp_294,1,10294,0.000000,[A/C],TOP,BOT,1
295,mock_snp_295,1,10295,0.000000,[A/G],TOP,BOT,1
296,mock_snp_296,1,10296,0.000000,[A/T],TOP,BOT,1
297,mock_snp_297,1,10297,0.000000,[C/G],TOP,BOT,1
298,mock_snp_298,1,10298,0.000000,[A/C],TOP,BOT,1
299,mock_snp_299,1,10299,0.000000,[A/G],TOP,BOT,1
300,mock_snp_300,1,10300,0.000000,[A/T],TOP,BOT,1
301,mock_snp_301,1,10301,0.000000,[C/G],TOP,BOT,1
302,mock_snp_302,1,10302,0.000000,[A/C],TOP,BOT,1
303,mock_snp_303,1,10303,0.000000,[A/G],TOP,BOT,1
304,mock_snp_304,1,10304,0.000000,[A/T],TOP,BOT,1
305,mock_snp_305,1,10305,0.000000,[C/G],TOP,BOT,1
306,mock_snp_306,1,10306,0.000000,[A/C],TOP,BOT,1
307,mock_snp_307,1,10307,0.000000,[A/G],TOP,BOT,1
308,mock_snp_308,1,10308,0.000000,[A/T],TOP,BOT,1
309,mock_snp_309,1,10309,0.000000,[C/G],TOP,BOT,1
310,mock_snp_310,1,10310,0.000000,[A/C],TOP,BOT,1
311,mock_snp_311,1,10311,0.000000,[A/G],TOP,BOT,1
312,mock_snp_312,1,10312,0.000000,[A/T],TOP,BOT,1
313,mock_snp_313,1,10313,0.000000,[C/G],TOP,BOT,1
314,mock_snp_314,1,10314,0.000000,[A/C],TOP,BOT,1
315,mock_snp_315,1,10315,0.000000,[A/G],TOP,BOT,1
316,mock_snp_316,1,10316,0.000000,[A/T],TOP,BOT,1
317,mock_snp_317,1,10317,0.000000,[C/G],TOP,BOT,1
318,mock_snp_318,1,10318,0.000000,[A/C],TOP,BOT,1
319,mock_snp_319,1,10319,0.000000,[A/G],TOP,BOT,1
320,mock_snp_320,1,10320,0.000000,[A/T],TOP,BOT,1
321,mock_snp_321,1,10321,0.000000,[C/G],TOP,BOT,1
322,mock_snp_322,1,10322,0.000000,[A/C],TOP,BOT,1
323,mock_snp_323,1,10323,0.000000,[A/G],TOP,BOT,1
324,mock_snp_324,1,10324,0.000000,[A/T],TOP,BOT,1
325,mock_snp_325,1,10325,0.000000,[C/G],TOP,BOT,1
326,mock_snp_326,1,10326,0.000000,[A/C],TOP,BOT,1
327,mock_snp_327,1,10327,0.000000,[A/G],TOP,BOT,1
328,mock_snp_328,1,10328,0.000000,[A/T],TOP,BOT,1
329,mock_snp_329,1,10329,0.000000,[C/G],TOP,BOT,1
330,mock_snp_330,1,10330,0.000000,[A/C],TOP,BOT,1
331,mock_snp_331,1,10331,0.000000,[A/G],TOP,BOT,1
332,mock_snp_332,1,10332,0.000000,[A/T],TOP,BOT,1
333,mock_snp_333,1,10333,0.000000,[C/G],TOP,BOT,1
334,mock_snp_334,1,10334,0.000000,[A/C],TOP,BOT,1
335,mock_snp_335,1,10335,0.000000,[A/G],TOP,BOT,1
336,mock_snp_336,1,10336,0.000000,[A/T],TOP,BOT,1
337,mock_snp_337,1,10337,0.000000,[C/G],TOP,BOT,1
338,mock_snp_338,1,10338,0.000000,[A/C],TOP,BOT,1
339,mock_snp_339,1,10339,0.000000,[A/G],TOP,BOT,1
340,mock_snp_340,1,10340,0.000000,[A/T],TOP,BOT,1
341,mock_snp_341,1,10341,0.000000,[C/G],TOP,BOT,1
342,mock_snp_342,1,10342,0.000000,[A/C],TOP,BOT,1
343,mock_snp_343,1,10343,0.000000,[A/G],TOP,BOT,1
344,mock_snp_344,1,10344,0.000000,[A/T],TOP,BOT,1
345,mock_snp_345,1,10345,0.000000,[C/G],TOP,BOT,1
346,mock_snp_346,1,10346,0.000000,[A/C],TOP,BOT,1
347,mock_snp_347,1,10347,0.000000,[A/G],TOP,BOT,1
348,mock_snp_348,1,10348,0.000000,[A/T],TOP,BOT,1
349,mock_snp_349,1,10349,0.000000,[C/G],TOP,BOT,1
350,mock_snp_350,1,10350,0.000000,[A/C],TOP,BOT,1
351,mock_snp_351,1,10351,0.000000,[A/G],TOP,BOT,1
352,mock_snp_352,1,10352,0.000000,[A/T],TOP,BOT,1
353,mock_snp_353,1,10353,0.000000,[C/G],TOP,BOT,1
354,mock_snp_354,1,10354,0.000000,[A/C],TOP,BOT,1
355,mock_snp_355,1,10355,0.000000,[A/G],TOP,BOT,1
356,mock_snp_356,1,10356,0.000000,[A/T],TOP,BOT,1
357,mock_snp_357,1,10357,0.000000,[C/G],TOP,BOT,1
358,mock_snp_358,1,10358,0.000000,[A/C],TOP,BOT,1
359,mock_snp_359,1,10359,0.000000,[A/G],TOP,BOT,1
360,mock_snp_360,1,10360,0.000000,[A/T],TOP,BOT,1
361,mock_snp_361,1,10361,0.000000,[C/G],TOP,BOT,1
362,mock_snp_362,1,10362,0.000000,[A/C],TOP,BOT,1
363,mock_snp_363,1,10363,0.000000,[A/G],TOP,BOT,1
364,mock_snp_364,1,10364,0.000000,[A/T],TOP,BOT,1
365,mock_snp_365,1,10365,0.000000,[C/G],TOP,BOT,1
366,mock_snp_366,1,10366,0.000000,[A/C],TOP,BOT,1
367,mock_snp_367,1,10367,0.000000,[A/G],TOP,BOT,1
368,mock_snp_368,1,10368,0.000000,[A/T],TOP,BOT,1
369,mock_snp_369,1,10369,0.000000,[C/G],TOP,BOT,1
370,mock_snp_370,1,10370,0.000000,[A/C],TOP,BOT,1
371,mock_snp_371,1,10371,0.000000,[A/G],TOP,BOT,1
372,mock_snp_372,1,10372,0.000000,[A/T],TOP,BOT,1
373,mock_snp_373,1,10373,0.000000,[C/G],TOP,BOT,1
374,mock_snp_374,1,10374,0.000000,[A/C],TOP,BOT,1
375,mock_snp_375,2,10375,0.000000,[A/C],TOP,BOT,1
376,mock_snp_376,2,10376,0.000000,[A/G],TOP,BOT,1
377,mock_snp_377,2,10377,0.000000,[A/T],TOP,BOT,1
378,mock_snp_378,2,10378,0.000000,[C/G],TOP,BOT,1
379,mock_snp_379,2,10379,0.000000,[A/C],TOP,BOT,1
380,mock_snp_380,2,10380,0.000000,[A/G],TOP,BOT,1
381,mock_snp_381,2,10381,0.000000,[A/T],TOP,BOT,1
382,mock_snp_382,2,10382,0.000000,[C/G],TOP,BOT,1
383,mock_snp_383,2,10383,0.000000,[A/C],TOP,BOT,1
384,mock_snp_384,2,10384,0.000000,[A/G],TOP,BOT,1
385,mock_snp_385,2,10385,0.000000,[A/T],TOP,BOT,1
386,mock_snp_386,2,10386,0.000000,[C/G],TOP,BOT,1
387,mock_snp_387,2,10387,0.000000,[A/C],TOP,BOT,1
388,mock_snp_388,2,10388,0.000000,[A/G],TOP,BOT,1
389,mock_snp_389,2,10389,0.000000,[A/T],TOP,BOT,1
390,mock_snp_390,2,10390,0.000000,[C/G],TOP,BOT,1
391,mock_snp_391,2,10391,0.000000,[A/C],TOP,BOT,1
392,mock_snp_392,2,10392,0.000000,[A/G],TOP,BOT,1
393,mock_snp_393,2,10393,0.000000,[A/T],TOP,BOT,1
394,mock_snp_394,2,10394,0.000000,[C/G],TOP,BOT,1
395,mock_snp_395,2,10395,0.000000,[A/C],TOP,BOT,1
396,mock_snp_396,2,10396,0.000000,[A/G],TOP,BOT,1
397,mock_snp_397,2,10397,0.000000,[A/T],TOP,BOT,1
398,mock_snp_398,2,10398,0.000000,[C/G],TOP,BOT,1
399,mock_snp_399,2,10399,0.000000,[A/C],TOP,BOT,1
400,mock_snp_400,2,10400,0.000000,[A/G],TOP,BOT,1
401,mock_snp_401,2,10401,0.000000,[A/T],TOP,BOT,1
402,mock_snp_402,2,10402,0.000000,[C/G],TOP,BOT,1
403,mock_snp_403,2,10403,0.000000,[A/C],TOP,BOT,1
404,mock_snp_404,2,10404,0.000000,[A/G],TOP,BOT,1
405,mock_snp_405,2,10405,0.000000,[A/T],TOP,BOT,1
406,mock_snp_406,2,10406,0.000000,[C/G],TOP,BOT,1
407,mock_snp_407,2,10407,0.000000,[A/C],TOP,BOT,1
408,mock_snp_408,2,10408,0.000000,[A/G],TOP,BOT,1
409,mock_snp_409,2,10409,0.000000,[A/T],TOP,BOT,1
410,mock_snp_410,2,10410,0.000000,[C/G],TOP,BOT,1
411,mock_snp_411,2,10411,0.000000,[A/C],TOP,BOT,1
412,mock_snp_412,2,10412,0.000000,[A/G],TOP,BOT,1
413,mock_snp_413,2,10413,0.000000,[A/T],TOP,BOT,1
414,mock_snp_414,2,10414,0.000000,[C/G],TOP,BOT,1
415,mock_snp_415,2,10415,0.000000,[A/C],TOP,BOT,1
416,mock_snp_416,2,10416,0.000000,[A/G],TOP,BOT,1
417,mock_snp_417,2,10417,0.000000,[A/T],TOP,BOT,1
418,mock_snp_418,2,10418,0.000000,[C/G],TOP,BOT,1
419,mock_snp_419,2,10419,0.000000,[A/C],TOP,BOT,1
420,mock_snp_420,2,10420,0.000000,[A/G],TOP,BOT,1
421,mock_snp_421,2,10421,0.000000,[A/T],TOP,BOT,1
422,mock_snp_422,2,10422,0.000000,[C/G],TOP,BOT,1
423,mock_snp_423,2,10423,0.000000,[A/C],TOP,BOT,1
424,mock_snp_424,2,10424,0.000000,[A/G],TOP,BOT,1
425,mock_snp_425,2,10425,0.000000,[A/T],TOP,BOT,1
426,mock_snp_426,2,10426,0.000000,[C/G],TOP,BOT,1
427,mock_snp_427,2,10427,0.000000,[A/C],TOP,BOT,1
428,mock_snp_428,2,10428,0.000000,[A/G],TOP,BOT,1
429,mock_snp_429,2,10429,0.000000,[A/T],TOP,BOT,1
430,mock_snp_430,2,10430,0.000000,[C/G],TOP,BOT,1
431,mock_snp_431,2,10431,0.000000,[A/C],TOP,BOT,1
432,mock_snp_432,2,10432,0.000000,[A/G],TOP,BOT,1
433,mock_snp_433,2,10433,0.000000,[A/T],TOP,BOT,1
434,mock_snp_434,2,10434,0.000000,[C/G],TOP,BOT,1
435,mock_snp_435,2,10435,0.000000,[A/C],TOP,BOT,1
436,mock_snp_436,2,10436,0.000000,[A/G],TOP,BOT,1
437,mock_snp_437,2,10437,0.000000,[A/T],TOP,BOT,1
438,mock_snp_438,2,10438,0.000000,[C/G],TOP,BOT,1
439,mock_snp_439,2,10439,0.000000,[A/C],TOP,BOT,1
440,mock_snp_440,2,10440,0.000000,[A/G],TOP,BOT,1
441,mock_snp_441,2,10441,0.000000,[A/T],TOP,BOT,1
442,mock_snp_442,2,10442,0.000000,[C/G],TOP,BOT,1
443,mock_snp_443,2,10443,0.000000,[A/C],TOP,BOT,1
444,mock_snp_444,2,10444,0.000000,[A/G],TOP,BOT,1
445,mock_snp_445,2,10445,0.000000,[A/T],TOP,BOT,1
446,mock_snp_446,2,10446,0.000000,[C/G],TOP,BOT,1
447,mock_snp_447,2,10447,0.000000,[A/C],TOP,BOT,1
448,mock_snp_448,2,10448,0.000000,[A/G],TOP,BOT,1
449,mock_snp_449,2,10449,0.000000,[A/T],TOP,BOT,1
450,mock_snp_450,2,10450,0.000000,[C/G],TOP,BOT,1
451,mock_snp_451,2,10451,0.000000,[A/C],TOP,BOT,1
452,mock_snp_452,2,10452,0.000000,[A/G],TOP,BOT,1
453,mock_snp_453,2,10453,0.000000,[A/T],TOP,BOT,1
454,mock_snp_454,2,10454,0.000000,[C/G],TOP,BOT,1
455,mock_snp_455,2,10455,0.000000,[A/C],TOP,BOT,1
456,mock_snp_456,2,10456,0.000000,[A/G],TOP,BOT,1
457,mock_snp_457,2,10457,0.000000,[A/T],TOP,BOT,1
458,mock_snp_458,2,10458,0.000000,[C/G],TOP,BOT,1
459,mock_snp_459,2,10459,0.000000,[A/C],TOP,BOT,1
460,mock_snp_460,2,10460,0.000000,[A/G],TOP,BOT,1
461,mock_snp_461,2,10461,0.000000,[A/T],TOP,BOT,1
462,mock_snp_462,2,10462,0.000000,[C/G],TOP,BOT,1
463,mock_snp_463,2,10463,0.000000,[A/C],TOP,BOT,1
464,mock_snp_464,2,10464,0.000000,[A/G],TOP,BOT,1
465,mock_snp_465,2,10465,0.000000,[A/T],TOP,BOT,1
466,mock_snp_466,2,10466,0.000000,[C/G],TOP,BOT,1
467,mock_snp_467,2,10467,0.000000,[A/C],TOP,BOT,1
468,mock_snp_468,2,10468,0.000000,[A/G],TOP,BOT,1
469,mock_snp_469,2,10469,0.000000,[A/T],TOP,BOT,1
470,mock_snp_470,2,10470,0.000000,[C/G],TOP,BOT,1
471,mock_snp_471,2,10471,0.000000,[A/C],TOP,BOT,1
472,mock_snp_472,2,10472,0.000000,[A/G],TOP,BOT,1
473,mock_snp_473,2,10473,0.000000,[A/T],TOP,BOT,1
474,mock_snp_474,2,10474,0.000000,[C/G],TOP,BOT,1
475,mock_snp_475,2,10475,0.000000,[A/C],TOP,BOT,1
476,mock_snp_476,2,10476,0.000000,[A/G],TOP,BOT,1
477,mock_snp_477,2,10477,0.000000,[A/T],TOP,BOT,1
478,mock_snp_478,2,10478,0.000000,[C/G],TOP,BOT,1
479,mock_snp_479,2,10479,0.000000,[A/C],TOP,BOT,1
480,mock_snp_480,2,10480,0.000000,[A/G],TOP,BOT,1
481,mock_snp_481,2,10481,0.000000,[A/T],TOP,BOT,1
482,mock_snp_482,2,10482,0.000000,[C/G],TOP,BOT,1
483,mock_snp_483,2,10483,0.000000,[A/C],TOP,BOT,1
484,mock_snp_484,2,10484,0.000000,[A/G],TOP,BOT,1
485,mock_snp_485,2,10485,0.000000,[A/T],TOP,BOT,1
486,mock_snp_486,2,10486,0.000000,[C/G],TOP,BOT,1
487,mock_snp_487,2,10487,0.000000,[A/C],TOP,BOT,1
488,mock_snp_488,2,10488,0.000000,[A/G],TOP,BOT,1
489,mock_snp_489,2,10489,0.000000,[A/T],TOP,BOT,1
490,mock_snp_490,2,10490,0.000000,[C/G],TOP,BOT,1
491,mock_snp_491,2,10491,0.000000,[A/C],TOP,BOT,1
492,mock_snp_492,2,10492,0.000000,[A/G],TOP,BOT,1
493,mock_snp_493,2,10493,0.000000,[A/T],TOP,BOT,1
494,mock_snp_494,2,10494,0.000000,[C/G],TOP,BOT,1
495,mock_snp_495,2,10495,0.000000,[A/C],TOP,BOT,1
496,mock_snp_496,2,10496,0.000000,[A/G],TOP,BOT,1
497,mock_snp_497,2,10497,0.000000,[A/T],TOP,BOT,1
498,mock_snp_498,2,10498,0.000000,[C/G],TOP,BOT,1
499,mock_snp_499,2,10499,0.000000,[A/C],TOP,BOT,1
500,mock_snp_500,1,10500,0.000000,[T/C],BOT,TOP,1
501,mock_snp_501,1,10501,0.000000,[T/G],BOT,TOP,1
502,mock_snp_502,1,10502,0.000000,[T/A],BOT,TOP,1
503,mock_snp_503,1,10503,0.000000,[G/C],BOT,TOP,1
504,mock_snp_504,1,10504,0.000000,[T/C],BOT,TOP,1
505,mock_snp_505,1,10505,0.000000,[T/G],BOT,TOP,1
506,mock_snp_506,1,10506,0.000000,[T/A],BOT,TOP,1
507,mock_snp_507,1,10507,0.000000,[G/C],BOT,TOP,1
508,mock_snp_508,1,10508,0.000000,[T/C],BOT,TOP,1
509,mock_snp_509,1,10509,0.000000,[T/G],BOT,TOP,1
510,mock_snp_510,1,10510,0.000000,[T/A],BOT,TOP,1
511,mock_snp_511,1,10511,0.000000,[G/C],BOT,TOP,1
512,mock_snp_512,1,10512,0.000000,[T/C],BOT,TOP,1
513,mock_snp_513,1,10513,0.000000,[T/G],BOT,TOP,1
514,mock_snp_514,1,10514,0.000000,[T/A],BOT,TOP,1
515,mock_snp_515,1,10515,0.000000,[G/C],BOT,TOP,1
516,mock_snp_516,1,10516,0.000000,[T/C],BOT,TOP,1
517,mock_snp_517,1,10517,0.000000,[T/G],BOT,TOP,1
518,mock_snp_518,1,10518,0.000000,[T/A],BOT,TOP,1
519,mock_snp_519,1,10519,0.000000,[G/C],BOT,TOP,1
520,mock_snp_520,1,10520,0.000000,[T/C],BOT,TOP,1
521,mock_snp_521,1,10521,0.000000,[T/G],BOT,TOP,1
522,mock_snp_522,1,10522,0.000000,[T/A],BOT,TOP,1
523,mock_snp_523,1,10523,0.000000,[G/C],BOT,TOP,1
524,mock_snp_524,1,10524,0.000000,[T/C],BOT,TOP,1
525,mock_snp_525,1,10525,0.000000,[T/G],BOT,TOP,1
526,mock_snp_526,1,10526,0.000000,[T/A],BOT,TOP,1
527,mock_snp_527,1,10527,0.000000,[G/C],BOT,TOP,1
528,mock_snp_528,1,10528,0.000000,[T/C],BOT,TOP,1
529,mock_snp_529,1,10529,0.000000,[T/G],BOT,TOP,1
530,mock_snp_530,1,10530,0.000000,[T/A],BOT,TOP,1
531,mock_snp_531,1,10531,0.000000,[G/C],BOT,TOP,1
532,mock_snp_532,1,10532,0.000000,[T/C],BOT,TOP,1
533,mock_snp_533,1,10533,0.000000,[T/G],BOT,TOP,1
534,mock_snp_534,1,10534,0.000000,[T/A],BOT,TOP,1
535,mock_snp_535,1,10535,0.000000,[G/C],BOT,TOP,1
536,mock_snp_536,1,10536,0.000000,[T/C],BOT,TOP,1
537,mock_snp_537,1,10537,0.000000,[T/G],BOT,TOP,1
538,mock_snp_538,1,10538,0.000000,[T/A],BOT,TOP,1
539,mock_snp_539,1,10539,0.000000,[G/C],BOT,TOP,1
540,mock_snp_540,1,10540,0.000000,[T/C],BOT,TOP,1
541,mock_snp_541,1,10541,0.000000,[T/G],BOT,TOP,1
542,mock_snp_542,1,10542,0.000000,[T/A],BOT,TOP,1
543,mock_snp_543,1,10543,0.000000,[G/C],BOT,TOP,1
544,mock_snp_544,1,10544,0.000000,[T/C],BOT,TOP,1
545,mock_snp_545,1,10545,0.000000,[T/G],BOT,TOP,1
546,mock_snp_546,1,10546,0.000000,[T/A],BOT,TOP,1
547,mock_snp_547,1,10547,0.000000,[G/C],BOT,TOP,1
548,mock_snp_548,1,10548,0.000000,[T/C],BOT,TOP,1
549,mock_snp_549,1,10549,0.000000,[T/G],BOT,TOP,1
550,mock_snp_550,1,10550,0.000000,[T/A],BOT,TOP,1
551,mock_snp_551,1,10551,0.000000,[G/C],BOT,TOP,1
552,mock_snp_552,1,10552,0.000000,[T/C],BOT,TOP,1
553,mock_snp_553,1,10553,0.000000,[T/G],BOT,TOP,1
554,mock_snp_554,1,10554,0.000000,[T/A],BOT,TOP,1
555,mock_snp_555,1,10555,0.000000,[G/C],BOT,TOP,1
556,mock_snp_556,1,10556,0.000000,[T/C],BOT,TOP,1
557,mock_snp_557,1,10557,0.000000,[T/G],BOT,TOP,1
558,mock_snp_558,1,10558,0.000000,[T/A],BOT,TOP,1
559,mock_snp_559,1,10559,0.000000,[G/C],BOT,TOP,1
560,mock_snp_560,1,10560,0.000000,[T/C],BOT,TOP,1
561,mock_snp_561,1,10561,0.000000,[T/G],BOT,TOP,1
562,mock_snp_562,1,10562,0.000000,[T/A],BOT,TOP,1
563,mock_snp_563,1,10563,0.000000,[G/C],BOT,TOP,1
564,mock_snp_564,1,10564,0.000000,[T/C],BOT,TOP,1
565,mock_snp_565,1,10565,0.000000,[T/G],BOT,TOP,1
566,mock_snp_566,1,10566,0.000000,[T/A],BOT,TOP,1
567,mock_snp_567,1,10567,0.000000,[G/C],BOT,TOP,1
568,mock_snp_568,1,10568,0.000000,[T/C],BOT,TOP,1
569,mock_snp_569,1,10569,0.000000,[T/G],BOT,TOP,1
570,mock_snp_570,1,10570,0.000000,[T/A],BOT,TOP,1
571,mock_snp_571,1,10571,0.000000,[G/C],BOT,TOP,1
572,mock_snp_572,1,10572,0.000000,[T/C],BOT,TOP,1
573,mock_snp_573,1,10573,0.000000,[T/G],BOT,TOP,1
574,mock_snp_574,1,10574,0.000000,[T/A],BOT,TOP,1
575,mock_snp_575,1,10575,0.000000,[G/C],BOT,TOP,1
576,mock_snp_576,1,10576,0.000000,[T/C],BOT,TOP,1
577,mock_snp_577,1,10577,0.000000,[T/G],BOT,TOP,1
578,mock_snp_578,1,10578,0.000000,[T/A],BOT,TOP,1
579,mock_snp_579,1,10579,0.000000,[G/C],BOT,TOP,1
580,mock_snp_580,1,10580,0.000000,[T/C],BOT,TOP,1
581,mock_snp_581,1,10581,0.000000,[T/G],BOT,TOP,1
582,mock_snp_582,1,10582,0.000000,[T/A],BOT,TOP,1
583,mock_snp_583,1,10583,0.000000,[G/C],BOT,TOP,1
584,mock_snp_584,1,10584,0.000000,[T/C],BOT,TOP,1
585,mock_snp_585,1,10585,0.000000,[T/G],BOT,TOP,1
586,mock_snp_586,1,10586,0.000000,[T/A],BOT,TOP,1
587,mock_snp_587,1,10587,0.000000,[G/C],BOT,TOP,1
588,mock_snp_588,1,10588,0.000000,[T/C],BOT,TOP,1
589,mock_snp_589,1,10589,0.000000,[T/G],BOT,TOP,1
590,mock_snp_590,1,10590,0.000000,[T/A],BOT,TOP,1
591,mock_snp_591,1,10591,0.000000,[G/C],BOT,TOP,1
592,mock_snp_592,1,10592,0.000000,[T/C],BOT,TOP,1
593,mock_snp_593,1,10593,0.000000,[T/G],BOT,TOP,1
594,mock_snp_594,1,10594,0.000000,[T/A],BOT,TOP,1
595,mock_snp_595,1,10595,0.000000,[G/C],BOT,TOP,1
596,mock_snp_596,1,10596,0.000000,[T/C],BOT,TOP,1
597,mock_snp_597,1,10597,0.000000,[T/G],BOT,TOP,1
598,mock_snp_598,1,10598,0.000000,[T/A],BOT,TOP,1
599,mock_snp_599,1,10599,0.000000,[G/C],BOT,TOP,1
600,mock_snp_600,1,10600,0.000000,[T/C],BOT,TOP,1
601,mock_snp_601,1,10601,0.000000,[T/G],BOT,TOP,1
602,mock_snp_602,1,10602,0.000000,[T/A],BOT,TOP,1
603,mock_snp_603,1,10603,0.000000,[G/C],BOT,TOP,1
604,mock_snp_604,1,10604,0.000000,[T/C],BOT,TOP,1
605,mock_snp_605,1,10605,0.000000,[T/G],BOT,TOP,1
606,mock_snp_606,1,10606,0.000000,[T/A],BOT,TOP,1
607,mock_snp_607,1,10607,0.000000,[G/C],BOT,TOP,1
608,mock_snp_608,1,10608,0.000000,[T/C],BOT,TOP,1
609,mock_snp_609,1,10609,0.000000,[T/G],BOT,TOP,1
610,mock_snp_610,1,10610,0.000000,[T/A],BOT,TOP,1
611,mock_snp_611,1,10611,0.000000,[G/C],BOT,TOP,1
612,mock_snp_612,1,10612,0.000000,[T/C],BOT,TOP,1
613,mock_snp_613,1,10613,0.000000,[T/G],BOT,TOP,1
614,mock_snp_614,1,10614,0.000000,[T/A],BOT,TOP,1
615,mock_snp_615,1,10615,0.000000,[G/C],BOT,TOP,1
616,mock_snp_616,1,10616,0.000000,[T/C],BOT,TOP,1
617,mock_snp_617,1,10617,0.000000,[T/G],BOT,TOP,1
618,mock_snp_618,1,10618,0.000000,[T/A],BOT,TOP,1
619,mock_snp_619,1,10619,0.000000,[G/C],BOT,TOP,1
620,mock_snp_620,1,10620,0.000000,[T/C],BOT,TOP,1
621,mock_snp_621,1,10621,0.000000,[T/G],BOT,TOP,1
622,mock_snp_622,1,10622,0.000000,[T/A],BOT,TOP,1
623,mock_snp_623,1,10623,0.000000,[G/C],BOT,TOP,1
624,mock_snp_624,1,10624,0.000000,[T/C],BOT,TOP,1
625,mock_snp_625,2,10625,0.000000,[T/C],BOT,TOP,1
626,mock_snp_626,2,10626,0.000000,[T/G],BOT,TOP,1
627,mock_snp_627,2,10627,0.000000,[T/A],BOT,TOP,1
628,mock_snp_628,2,10628,0.000000,[G/C],BOT,TOP,1
629,mock_snp_629,2,10629,0.000000,[T/C],BOT,TOP,1
630,mock_snp_630,2,10630,0.000000,[T/G],BOT,TOP,1
631,mock_snp_631,2,10631,0.000000,[T/A],BOT,TOP,1
632,mock_snp_632,2,10632,0.000000,[G/C],BOT,TOP,1
633,mock_snp_633,2,10633,0.000000,[T/C],BOT,TOP,1
634,mock_snp_634,2,10634,0.000000,[T/G],BOT,TOP,1
635,mock_snp_635,2,10635,0.000000,[T/A],BOT,TOP,1
636,mock_snp_636,2,10636,0.000000,[G/C],BOT,TOP,1
637,mock_snp_637,2,10637,0.000000,[T/C],BOT,TOP,1
638,mock_snp_638,2,10638,0.000000,[T/G],BOT,TOP,1
639,mock_snp_639,2,10639,0.000000,[T/A],BOT,TOP,1
640,mock_snp_640,2,10640,0.000000,[G/C],BOT,TOP,1
641,mock_snp_641,2,10641,0.000000,[T/C],BOT,TOP,1
642,mock_snp_642,2,10642,0.000000,[T/G],BOT,TOP,1
643,mock_snp_643,2,10643,0.000000,[T/A],BOT,TOP,1
644,mock_snp_644,2,10644,0.000000,[G/C],BOT,TOP,1
645,mock_snp_645,2,10645,0.000000,[T/C],BOT,TOP,1
646,mock_snp_646,2,10646,0.000000,[T/G],BOT,TOP,1
647,mock_snp_647,2,10647,0.000000,[T/A],BOT,TOP,1
648,mock_snp_648,2,10648,0.000000,[G/C],BOT,TOP,1
649,mock_snp_649,2,10649,0.000000,[T/C],BOT,TOP,1
650,mock_snp_650,2,10650,0.000000,[T/G],BOT,TOP,1
651,mock_snp_651,2,10651,0.000000,[T/A],BOT,TOP,1
652,mock_snp_652,2,10652,0.000000,[G/C],BOT,TOP,1
653,mock_snp_653,2,10653,0.000000,[T/C],BOT,TOP,1
654,mock_snp_654,2,10654,0.000000,[T/G],BOT,TOP,1
655,mock_snp_655,2,10655,0.000000,[T/A],BOT,TOP,1
656,mock_snp_656,2,10656,0.000000,[G/C],BOT,TOP,1
657,mock_snp_657,2,10657,0.000000,[T/C],BOT,TOP,1
658,mock_snp_658,2,10658,0.000000,[T/G],BOT,TOP,1
659,mock_snp_659,2,10659,0.000000,[T/A],BOT,TOP,1
660,mock_snp_660,2,10660,0.000000,[G/C],BOT,TOP,1
661,mock_snp_661,2,10661,0.000000,[T/C],BOT,TOP,1
662,mock_snp_662,2,10662,0.000000,[T/G],BOT,TOP,1
663,mock_snp_663,2,10663,0.000000,[T/A],BOT,TOP,1
664,mock_snp_664,2,10664,0.000000,[G/C],BOT,TOP,1
665,mock_snp_665,2,10665,0.000000,[T/C],BOT,TOP,1
666,mock_snp_666,2,10666,0.000000,[T/G],BOT,TOP,1
667,mock_snp_667,2,10667,0.000000,[T/A],BOT,TOP,1
668,mock_snp_668,2,10668,0.000000,[G/C],BOT,TOP,1
669,mock_snp_669,2,10669,0.000000,[T/C],BOT,TOP,1
670,mock_snp_670,2,10670,0.000000,[T/G],BOT,TOP,1
671,mock_snp_671,2,10671,0.000000,[T/A],BOT,TOP,1
672,mock_snp_672,2,10672,0.000000,[G/C],BOT,TOP,1
673,mock_snp_673,2,10673,0.000000,[T/C],BOT,TOP,1
674,mock_snp_674,2,10674,0.000000,[T/G],BOT,TOP,1
675,mock_snp_675,2,10675,0.000000,[T/A],BOT,TOP,1
676,mock_snp_676,2,10676,0.000000,[G/C],BOT,TOP,1
677,mock_snp_677,2,10677,0.000000,[T/C],BOT,TOP,1
678,mock_snp_678,2,10678,0.000000,[T/G],BOT,TOP,1
679,mock_snp_679,2,10679,0.000000,[T/A],BOT,TOP,1
680,mock_snp_680,2,10680,0.000000,[G/C],BOT,TOP,1
681,mock_snp_681,2,10681,0.000000,[T/C],BOT,TOP,1
682,mock_snp_682,2,10682,0.000000,[T/G],BOT,TOP,1
683,mock_snp_683,2,10683,0.000000,[T/A],BOT,TOP,1
684,mock_snp_684,2,10684,0.000000,[G/C],BOT,TOP,1
685,mock_snp_685,2,10685,0.000000,[T/C],BOT,TOP,1
686,mock_snp_686,2,10686,0.000000,[T/G],BOT,TOP,1
687,mock_snp_687,2,10687,0.000000,[T/A],BOT,TOP,1
688,mock_snp_688,2,10688,0.000000,[G/C],BOT,TOP,1
689,mock_snp_689,2,10689,0.000000,[T/C],BOT,TOP,1
690,mock_snp_690,2,10690,0.000000,[T/G],BOT,TOP,1
691,mock_snp_691,2,10691,0.000000,[T/A],BOT,TOP,1
692,mock_snp_692,2,10692,0.000000,[G/C],BOT,TOP,1
693,mock_snp_693,2,10693,0.000000,[T/C],BOT,TOP,1
694,mock_snp_694,2,10694,0.000000,[T/G],BOT,TOP,1
695,mock_snp_695,2,10695,0.000000,[T/A],BOT,TOP,1
696,mock_snp_696,2,10696,0.000000,[G/C],BOT,TOP,1
697,mock_snp_697,2,10697,0.000000,[T/C],BOT,TOP,1
698,mock_snp_698,2,10698,0.000000,[T/G],BOT,TOP,1
699,mock_snp_699,2,10699,0.000000,[T/A],BOT,TOP,1
700,mock_snp_700,2,10700,0.000000,[G/C],BOT,TOP,1
701,mock_snp_701,2,10701,0.000000,[T/C],BOT,TOP,1
702,mock_snp_702,2,10702,0.000000,[T/G],BOT,TOP,1
703,mock_snp_703,2,10703,0.000000,[T/A],BOT,TOP,1
704,mock_snp_704,2,10704,0.000000,[G/C],BOT,TOP,1
705,mock_snp_705,2,10705,0.000000,[T/C],BOT,TOP,1
706,mock_snp_706,2,10706,0.000000,[T/G],BOT,TOP,1
707,mock_snp_707,2,10707,0.000000,[T/A],BOT,TOP,1
708,mock_snp_708,2,10708,0.000000,[G/C],BOT,TOP,1
709,mock_snp_709,2,10709,0.000000,[T/C],BOT,TOP,1
710,mock_snp_710,2,10710,0.000000,[T/G],BOT,TOP,1
711,mock_snp_711,2,10711,0.000000,[T/A],BOT,TOP,1
712,mock_snp_712,2,10712,0.000000,[G/C],BOT,TOP,1
713,mock_snp_713,2,10713,0.000000,[T/C],BOT,TOP,1
714,mock_snp_714,2,10714,0.000000,[T/G],BOT,TOP,1
715,mock_snp_715,2,10715,0.000000,[T/A],BOT,TOP,1
716,mock_snp_716,2,10716,0.000000,[G/C],BOT,TOP,1
717,mock_snp_717,2,10717,0.000000,[T/C],BOT,TOP,1
718,mock_snp_718,2,10718,0.000000,[T/G],BOT,TOP,1
719,mock_snp_719,2,10719,0.000000,[T/A],BOT,TOP,1
720,mock_snp_720,2,10720,0.000000,[G/C],BOT,TOP,1
721,mock_snp_721,2,10721,0.000000,[T/C],BOT,TOP,1
722,mock_snp_722,2,10722,0.000000,[T/G],BOT,TOP,1
723,mock_snp_723,2,10723,0.000000,[T/A],BOT,TOP,1
724,mock_snp_724,2,10724,0.000000,[G/C],BOT,TOP,1
725,mock_snp_725,2,10725,0.000000,[T/C],BOT,TOP,1
726,mock_snp_726,2,10726,0.000000,[T/G],BOT,TOP,1
727,mock_snp_727,2,10727,0.000000,[T/A],BOT,TOP,1
728,mock_snp_728,2,10728,0.000000,[G/C],BOT,TOP,1
729,mock_snp_729,2,10729,0.000000,[T/C],BOT,TOP,1
730,mock_snp_730,2,10730,0.000000,[T/G],BOT,TOP,1
731,mock_snp_731,2,10731,0.000000,[T/A],BOT,TOP,1
732,mock_snp_732,2,10732,0.000000,[G/C],BOT,TOP,1
733,mock_snp_733,2,10733,0.000000,[T/C],BOT,TOP,1
734,mock_snp_734,2,10734,0.000000,[T/G],BOT,TOP,1
735,mock_snp_735,2,10735,0.000000,[T/A],BOT,TOP,1
736,mock_snp_736,2,10736,0.000000,[G/C],BOT,TOP,1
737,mock_snp_737,2,10737,0.000000,[T/C],BOT,TOP,1
738,mock_snp_738,2,10738,0.000000,[T/G],BOT,TOP,1
739,mock_snp_739,2,10739,0.000000,[T/A],BOT,TOP,1
740,mock_snp_740,2,10740,0.000000,[G/C],BOT,TOP,1
741,mock_snp_741,2,10741,0.000000,[T/C],BOT,TOP,1
742,mock_snp_742,2,10742,0.000000,[T/G],BOT,TOP,1
743,mock_snp_743,2,10743,0.000000,[T/A],BOT,TOP,1
744,mock_snp_744,2,10744,0.000000,[G/C],BOT,TOP,1
745,mock_snp_745,2,10745,0.000000,[T/C],BOT,TOP,1
746,mock_snp_746,2,10746,0.000000,[T/G],BOT,TOP,1
747,mock_snp_747,2,10747,0.000000,[T/A],BOT,TOP,1
748,mock_snp_748,2,10748,0.000000,[G/C],BOT,TOP,1
749,mock_snp_749,2,10749,0.000000,[T/C],BOT,TOP,1
750,mock_snp_750,1,10750,0.000000,[T/C],BOT,BOT,1
751,mock_snp_751,1,10751,0.000000,[T/G],BOT,BOT,1
752,mock_snp_752,1,10752,0.000000,[T/A],BOT,BOT,1
753,mock_snp_753,1,10753,0.000000,[G/C],BOT,BOT,1
754,mock_snp_754,1,10754,0.000000,[T/C],BOT,BOT,1
755,mock_snp_755,1,10755,0.000000,[T/G],BOT,BOT,1
756,mock_snp_756,1,10756,0.000000,[T/A],BOT,BOT,1
757,mock_snp_757,1,10757,0.000000,[G/C],BOT,BOT,1
758,mock_snp_758,1,10758,0.000000,[T/C],BOT,BOT,1
759,mock_snp_759,1,10759,0.000000,[T/G],BOT,BOT,1
760,mock_snp_760,1,10760,0.000000,[T/A],BOT,BOT,1
761,mock_snp_761,1,10761,0.000000,[G/C],BOT,BOT,1
762,mock_snp_762,1,10762,0.000000,[T/C],BOT,BOT,1
763,mock_snp_763,1,10763,0.000000,[T/G],BOT,BOT,1
764,mock_snp_764,1,10764,0.000000,[T/A],BOT,BOT,1
765,mock_snp_765,1,10765,0.000000,[G/C],BOT,BOT,1
766,mock_snp_766,1,10766,0.000000,[T/C],BOT,BOT,1
767,mock_snp_767,1,10767,0.000000,[T/G],BOT,BOT,1
768,mock_snp_768,1,10768,0.000000,[T/A],BOT,BOT,1
769,mock_snp_769,1,10769,0.000000,[G/C],BOT,BOT,1
770,mock_snp_770,1,10770,0.000000,[T/C],BOT,BOT,1
771,mock_snp_771,1,10771,0.000000,[T/G],BOT,BOT,1
772,mock_snp_772,1,10772,0.000000,[T/A],BOT,BOT,1
773,mock_snp_773,1,10773,0.000000,[G/C],BOT,BOT,1
774,mock_snp_774,1,10774,0.000000,[T/C],BOT,BOT,1
775,mock_snp_775,1,10775,0.000000,[T/G],BOT,BOT,1
776,mock_snp_776,1,10776,0.000000,[T/A],BOT,BOT,1
777,mock_snp_777,1,10777,0.000000,[G/C],BOT,BOT,1
778,mock_snp_778,1,10778,0.000000,[T/C],BOT,BOT,1
779,mock_snp_779,1,10779,0.000000,[T/G],BOT,BOT,1
780,mock_snp_780,1,10780,0.000000,[T/A],BOT,BOT,1
781,mock_snp_781,1,10781,0.000000,[G/C],BOT,BOT,1
782,mock_snp_782,1,10782,0.000000,[T/C],BOT,BOT,1
783,mock_snp_783,1,10783,0.000000,[T/G],BOT,BOT,1
784,mock_snp_784,1,10784,0.000000,[T/A],BOT,BOT,1
785,mock_snp_785,1,10785,0.000000,[G/C],BOT,BOT,1
786,mock_snp_786,1,10786,0.000000,[T/C],BOT,BOT,1
787,mock_snp_787,1,10787,0.000000,[T/G],BOT,BOT,1
788,mock_snp_788,1,10788,0.000000,[T/A],BOT,BOT,1
789,mock_snp_789,1,10789,0.000000,[G/C],BOT,BOT,1
790,mock_snp_790,1,10790,0.000000,[T/C],BOT,BOT,1
791,mock_snp_791,1,10791,0.000000,[T/G],BOT,BOT,1
792,mock_snp_792,1,10792,0.000000,[T/A],BOT,BOT,1
793,mock_snp_793,1,10793,0.000000,[G/C],BOT,BOT,1
794,mock_snp_794,1,10794,0.000000,[T/C],BOT,BOT,1
795,mock_snp_795,1,10795,0.000000,[T/G],BOT,BOT,1
796,mock_snp_796,1,10796,0.000000,[T/A],BOT,BOT,1
797,mock_snp_797,1,10797,0.000000,[G/C],BOT,BOT,1
798,mock_snp_798,1,10798,0.000000,[T/C],BOT,BOT,1
799,mock_snp_799,1,10799,0.000000,[T/G],BOT,BOT,1
800,mock_snp_800,1,10800,0.000000,[T/A],BOT,BOT,1
801,mock_snp_801,1,10801,0.000000,[G/C],BOT,BOT,1
802,mock_snp_802,1,10802,0.000000,[T/C],BOT,BOT,1
803,mock_snp_803,1,10803,0.000000,[T/G],BOT,BOT,1
804,mock_snp_804,1,10804,0.000000,[T/A],BOT,BOT,1
805,mock_snp_805,1,10805,0.000000,[G/C],BOT,BOT,1
806,mock_snp_806,1,10806,0.000000,[T/C],BOT,BOT,1
807,mock_snp_807,1,10807,0.000000,[T/G],BOT,BOT,1
808,mock_snp_808,1,10808,0.000000,[T/A],BOT,BOT,1
809,mock_snp_809,1,10809,0.000000,[G/C],BOT,BOT,1
810,mock_snp_810,1,10810,0.000000,[T/C],BOT,BOT,1
811,mock_snp_811,1,10811,0.000000,[T/G],BOT,BOT,1
812,mock_snp_812,1,10812,0.000000,[T/A],BOT,BOT,1
813,mock_snp_813,1,10813,0.000000,[G/C],BOT,BOT,1
814,mock_snp_814,1,10814,0.000000,[T/C],BOT,BOT,1
815,mock_snp_815,1,10815,0.000000,[T/G],BOT,BOT,1
816,mock_snp_816,1,10816,0.000000,[T/A],BOT,BOT,1
817,mock_snp_817,1,10817,0.000000,[G/C],BOT,BOT,1
818,mock_snp_818,1,10818,0.000000,[T/C],BOT,BOT,1
819,mock_snp_819,1,10819,0.000000,[T/G],BOT,BOT,1
820,mock_snp_820,1,10820,0.000000,[T/A],BOT,BOT,1
821,mock_snp_821,1,10821,0.000000,[G/C],BOT,BOT,1
822,mock_snp_822,1,10822,0.000000,[T/C],BOT,BOT,1
823,mock_snp_823,1,10823,0.000000,[T/G],BOT,BOT,1
824,mock_snp_824,1,10824,0.000000,[T/A],BOT,BOT,1
825,mock_snp_825,1,10825,0.000000,[G/C],BOT,BOT,1
826,mock_snp_826,1,10826,0.000000,[T/C],BOT,BOT,1
827,mock_snp_827,1,10827,0.000000,[T/G],BOT,BOT,1
828,mock_snp_828,1,10828,0.000000,[T/A],BOT,BOT,1
829,mock_snp_829,1,10829,0.000000,[G/C],BOT,BOT,1
830,mock_snp_830,1,10830,0.000000,[T/C],BOT,BOT,1
831,mock_snp_831,1,10831,0.000000,[T/G],BOT,BOT,1
832,mock_snp_832,1,10832,0.000000,[T/A],BOT,BOT,1
833,mock_snp_833,1,10833,0.000000,[G/C],BOT,BOT,1
834,mock_snp_834,1,10834,0.000000,[T/C],BOT,BOT,1
835,mock_snp_835,1,10835,0.000000,[T/G],BOT,BOT,1
836,mock_snp_836,1,10836,0.000000,[T/A],BOT,BOT,1
837,mock_snp_837,1,10837,0.000000,[G/C],BOT,BOT,1
838,mock_snp_838,1,10838,0.000000,[T/C],BOT,BOT,1
839,mock_snp_839,1,10839,0.000000,[T/G],BOT,BOT,1
840,mock_snp_840,1,10840,0.000000,[T/A],BOT,BOT,1
841,mock_snp_841,1,10841,0.000000,[G/C],BOT,BOT,1
842,mock_snp_842,1,10842,0.000000,[T/C],BOT,BOT,1
843,mock_snp_843,1,10843,0.000000,[T/G],BOT,BOT,1
844,mock_snp_844,1,10844,0.000000,[T/A],BOT,BOT,1
845,mock_snp_845,1,10845,0.000000,[G/C],BOT,BOT,1
846,mock_snp_846,1,10846,0.000000,[T/C],BOT,BOT,1
847,mock_snp_847,1,10847,0.000000,[T/G],BOT,BOT,1
848,mock_snp_848,1,10848,0.000000,[T/A],BOT,BOT,1
849,mock_snp_849,1,10849,0.000000,[G/C],BOT,BOT,1
850,mock_snp_850,1,10850,0.000000,[T/C],BOT,BOT,1
851,mock_snp_851,1,10851,0.000000,[T/G],BOT,BOT,1
852,mock_snp_852,1,10852,0.000000,[T/A],BOT,BOT,1
853,mock_snp_853,1,10853,0.000000,[G/C],BOT,BOT,1
854,mock_snp_854,1,10854,0.000000,[T/C],BOT,BOT,1
855,mock_snp_855,1,10855,0.000000,[T/G],BOT,BOT,1
856,mock_snp_856,1,10856,0.000000,[T/A],BOT,BOT,1
857,mock_snp_857,1,10857,0.000000,[G/C],BOT,BOT,1
858,mock_snp_858,1,10858,0.000000,[T/C],BOT,BOT,1
859,mock_snp_859,1,10859,0.000000,[T/G],BOT,BOT,1
860,mock_snp_860,1,10860,0.000000,[T/A],BOT,BOT,1
861,mock_snp_861,1,10861,0.000000,[G/C],BOT,BOT,1
862,mock_snp_862,1,10862,0.000000,[T/C],BOT,BOT,1
863,mock_snp_863,1,10863,0.000000,[T/G],BOT,BOT,1
864,mock_snp_864,1,10864,0.000000,[T/A],BOT,BOT,1
865,mock_snp_865,1,10865,0.000000,[G/C],BOT,BOT,1
866,mock_snp_866,1,10866,0.000000,[T/C],BOT,BOT,1
867,mock_snp_867,1,10867,0.000000,[T/G],BOT,BOT,1
868,mock_snp_868,1,10868,0.000000,[T/A],BOT,BOT,1
869,mock_snp_869,1,10869,0.000000,[G/C],BOT,BOT,1
870,mock_snp_870,1,10870,0.000000,[T/C],BOT,BOT,1
871,mock_snp_871,1,10871,0.000000,[T/G],BOT,BOT,1
872,mock_snp_872,1,10872,0.000000,[T/A],BOT,BOT,1
873,mock_snp_873,1,10873,0.000000,[G/C],BOT,BOT,1
874,mock_snp_874,1,10874,0.000000,[T/C],BOT,BOT,1
875,mock_snp_875,2,10875,0.000000,[T/C],BOT,BOT,1
876,mock_snp_876,2,10876,0.000000,[T/G],BOT,BOT,1
877,mock_snp_877,2,10877,0.000000,[T/A],BOT,BOT,1
878,mock_snp_878,2,10878,0.000000,[G/C],BOT,BOT,1
879,mock_snp_879,2,10879,0.000000,[T/C],BOT,BOT,1
880,mock_snp_880,2,10880,0.000000,[T/G],BOT,BOT,1
881,mock_snp_881,2,10881,0.000000,[T/A],BOT,BOT,1
882,mock_snp_882,2,10882,0.000000,[G/C],BOT,BOT,1
883,mock_snp_883,2,10883,0.000000,[T/C],BOT,BOT,1
884,mock_snp_884,2,10884,0.000000,[T/G],BOT,BOT,1
885,mock_snp_885,2,10885,0.000000,[T/A],BOT,BOT,1
886,mock_snp_886,2,10886,0.000000,[G/C],BOT,BOT,1
887,mock_snp_887,2,10887,0.000000,[T/C],BOT,BOT,1
888,mock_snp_888,2,10888,0.000000,[T/G],BOT,BOT,1
889,mock_snp_889,2,10889,0.000000,[T/A],BOT,BOT,1
890,mock_snp_890,2,10890,0.000000,[G/C],BOT,BOT,1
891,mock_snp_891,2,10891,0.000000,[T/C],BOT,BOT,1
892,mock_snp_892,2,10892,0.000000,[T/G],BOT,BOT,1
893,mock_snp_893,2,10893,0.000000,[T/A],BOT,BOT,1
894,mock_snp_894,2,10894,0.000000,[G/C],BOT,BOT,1
895,mock_snp_895,2,10895,0.000000,[T/C],BOT,BOT,1
896,mock_snp_896,2,10896,0.000000,[T/G],BOT,BOT,1
897,mock_snp_897,2,10897,0.000000,[T/A],BOT,BOT,1
898,mock_snp_898,2,10898,0.000000,[G/C],BOT,BOT,1
899,mock_snp_899,2,10899,0.000000,[T/C],BOT,BOT,1
900,mock_snp_900,2,10900,0.000000,[T/G],BOT,BOT,1
901,mock_snp_901,2,10901,0.000000,[T/A],BOT,BOT,1
902,mock_snp_902,2,10902,0.000000,[G/C],BOT,BOT,1
903,mock_snp_903,2,10903,0.000000,[T/C],BOT,BOT,1
904,mock_snp_904,2,10904,0.000000,[T/G],BOT,BOT,1
905,mock_snp_905,2,10905,0.000000,[T/A],BOT,BOT,1
906,mock_snp_906,2,10906,0.000000,[G/C],BOT,BOT,1
907,mock_snp_907,2,10907,0.000000,[T/C],BOT,BOT,1
908,mock_snp_908,2,10908,0.000000,[T/G],BOT,BOT,1
909,mock_snp_909,2,10909,0.000000,[T/A],BOT,BOT,1
910,mock_snp_910,2,10910,0.000000,[G/C],BOT,BOT,1
911,mock_snp_911,2,10911,0.000000,[T/C],BOT,BOT,1
912,mock_snp_912,2,10912,0.000000,[T/G],BOT,BOT,1
913,mock_snp_913,2,10913,0.000000,[T/A],BOT,BOT,1
914,mock_snp_914,2,10914,0.000000,[G/C],BOT,BOT,1
915,mock_snp_915,2,10915,0.000000,[T/C],BOT,BOT,1
916,mock_snp_916,2,10916,0.000000,[T/G],BOT,BOT,1
917,mock_snp_917,2,10917,0.000000,[T/A],BOT,BOT,1
918,mock_snp_918,2,10918,0.000000,[G/C],BOT,BOT,1
919,mock_snp_919,2,10919,0.000000,[T/C],BOT,BOT,1
920,mock_snp_920,2,10920,0.000000,[T/G],BOT,BOT,1
921,mock_snp_921,2,10921,0.000000,[T/A],BOT,BOT,1
922,mock_snp_922,2,10922,0.000000,[G/C],BOT,BOT,1
923,mock_snp_923,2,10923,0.000000,[T/C],BOT,BOT,1
924,mock_snp_924,2,10924,0.000000,[T/G],BOT,BOT,1
925,mock_snp_925,2,10925,0.000000,[T/A],BOT,BOT,1
926,mock_snp_926,2,10926,0.000000,[G/C],BOT,BOT,1
927,mock_snp_927,2,10927,0.000000,[T/C],BOT,BOT,1
928,mock_snp_928,2,10928,0.000000,[T/G],BOT,BOT,1
929,mock_snp_929,2,10929,0.000000,[T/A],BOT,BOT,1
930,mock_snp_930,2,10930,0.000000,[G/C],BOT,BOT,1
931,mock_snp_931,2,10931,0.000000,[T/C],BOT,BOT,1
932,mock_snp_932,2,10932,0.000000,[T/G],BOT,BOT,1
933,mock_snp_933,2,10933,0.000000,[T/A],BOT,BOT,1
934,mock_snp_934,2,10934,0.000000,[G/C],BOT,BOT,1
935,mock_snp_935,2,10935,0.000000,[T/C],BOT,BOT,1
936,mock_snp_936,2,10936,0.000000,[T/G],BOT,BOT,1
937,mock_snp_937,2,10937,0.000000,[T/A],BOT,BOT,1
938,mock_snp_938,2,10938,0.000000,[G/C],BOT,BOT,1
939,mock_snp_939,2,10939,0.000000,[T/C],BOT,BOT,1
940,mock_snp_940,2,10940,0.000000,[T/G],BOT,BOT,1
941,mock_snp_941,2,10941,0.000000,[T/A],BOT,BOT,1
942,mock_snp_942,2,10942,0.000000,[G/C],BOT,BOT,1
943,mock_snp_943,2,10943,0.000000,[T/C],BOT,BOT,1
944,mock_snp_944,2,10944,0.000000,[T/G],BOT,BOT,1
945,mock_snp_945,2,10945,0.000000,[T/A],BOT,BOT,1
946,mock_snp_946,2,10946,0.000000,[G/C],BOT,BOT,1
947,mock_snp_947,2,10947,0.000000,[T/C],BOT,BOT,1
948,mock_snp_948,2,10948,0.000000,[T/G],BOT,BOT,1
949,mock_snp_949,2,10949,0.000000,[T/A],BOT,BOT,1
950,mock_snp_950,2,10950,0.000000,[G/C],BOT,BOT,1
951,mock_snp_951,2,10951,0.000000,[T/C],BOT,BOT,1
952,mock_snp_952,2,10952,0.000000,[T/G],BOT,BOT,1
953,mock_snp_953,2,10953,0.000000,[T/A],BOT,BOT,1
954,mock_snp_954,2,10954,0.000000,[G/C],BOT,BOT,1
955,mock_snp_955,2,10955,0.000000,[T/C],BOT,BOT,1
956,mock_snp_956,2,10956,0.000000,[T/G],BOT,BOT,1
957,mock_snp_957,2,10957,0.000000,[T/A],BOT,BOT,1
958,mock_snp_958,2,10958,0.000000,[G/C],BOT,BOT,1
959,mock_snp_959,2,10959,0.000000,[T/C],BOT,BOT,1
960,mock_snp_960,2,10960,0.000000,[T/G],BOT,BOT,1
961,mock_snp_961,2,10961,0.000000,[T/A],BOT,BOT,1
962,mock_snp_962,2,10962,0.000000,[G/C],BOT,BOT,1
963,mock_snp_963,2,10963,0.000000,[T/C],BOT,BOT,1
964,mock_snp_964,2,10964,0.000000,[T/G],BOT,BOT,1
965,mock_snp_965,2,10965,0.000000,[T/A],BOT,BOT,1
966,mock_snp_966,2,10966,0.000000,[G/C],BOT,BOT,1
967,mock_snp_967,2,10967,0.000000,[T/C],BOT,BOT,1
968,mock_snp_968,2,10968,0.000000,[T/G],BOT,BOT,1
969,mock_snp_969,2,10969,0.000000,[T/A],BOT,BOT,1
970,mock_snp_970,2,10970,0.000000,[G/C],BOT,BOT,1
971,mock_snp_971,2,10971,0.000000,[T/C],BOT,BOT,1
972,mock_snp_972,2,10972,0.000000,[T/G],BOT,BOT,1
973,mock_snp_973,2,10973,0.000000,[T/A],BOT,BOT,1
974,mock_snp_974,2,10974,0.000000,[G/C],BOT,BOT,1
975,mock_snp_975,2,10975,0.000000,[T/C],BOT,BOT,1
976,mock_snp_976,2,10976,0.000000,[T/G],BOT,BOT,1
977,mock_snp_977,2,10977,0.000000,[T/A],BOT,BOT,1
978,mock_snp_978,2,10978,0.000000,[G/C],BOT,BOT,1
979,mock_snp_979,2,10979,0.000000,[T/C],BOT,BOT,1
980,mock_snp_980,2,10980,0.000000,[T/G],BOT,BOT,1
981,mock_snp_981,2,10981,0.000000,[T/A],BOT,BOT,1
982,mock_snp_982,2,10982,0.000000,[G/C],BOT,BOT,1
983,mock_snp_983,2,10983,0.000000,[T/C],BOT,BOT,1
984,mock_snp_984,2,10984,0.000000,[T/G],BOT,BOT,1
985,mock_snp_985,2,10985,0.000000,[T/A],BOT,BOT,1
986,mock_snp_986,2,10986,0.000000,[G/C],BOT,BOT,1
987,mock_snp_987,2,10987,0.000000,[T/C],BOT,BOT,1
988,mock_snp_988,2,10988,0.000000,[T/G],BOT,BOT,1
989,mock_snp_989,2,10989,0.000000,[T/A],BOT,BOT,1
990,mock_snp_990,2,10990,0.000000,[G/C],BOT,BOT,1
991,mock_snp_991,2,10991,0.000000,[T/C],BOT,BOT,1
992,mock_snp_992,2,10992,0.000000,[T/G],BOT,BOT,1
993,mock_snp_993,2,10993,0.000000,[T/A],BOT,BOT,1
994,mock_snp_994,2,10994,0.000000,[G/C],BOT,BOT,1
995,mock_snp_995,2,10995,0.000000,[T/C],BOT,BOT,1
996,mock_snp_996,2,10996,0.000000,[T/G],BOT,BOT,1
997,mock_snp_997,2,10997,0.000000,[T/A],BOT,BOT,1
998,mock_snp_998,2,10998,0.000000,[G/C],BOT,BOT,1
999,mock_snp_999,2,10999,0.000000,[T/C],BOT,BOT,1
